item_index,score_q_vs_cit,score_exp_vs_cit,passed
1,0.7803446,0.8777807,True
2,0.6640106,0.5508284,True
3,0.54027474,0.83995724,True
4,0.5115795,0.4663047,True
5,0.5410326,0.639926,True
6,0.60494167,0.4718102,True
7,0.83022666,0.66931653,True
8,0.7162603,0.5892948,True
9,0.34433275,0.5859624,False
10,0.5454378,0.5971361,True
11,0.6290889,0.64724404,True
12,0.8733005,0.75682235,True
13,0.8208173,0.68444145,True
14,0.5689503,0.6054417,True
15,0.90941334,0.71715784,True
16,0.2414994,0.1082807,False
17,0.88021296,0.61395,True
18,0.89770514,0.54429364,True
19,0.6703259,0.5736513,True
20,0.70106596,0.43583614,False
21,0.7525834,0.88831246,True
22,0.8542067,0.8135467,True
23,0.75958824,0.6448466,True
24,0.7485053,0.80883527,True
25,0.32819623,0.3507574,False
26,0.50163126,0.4640156,True
27,0.78790355,0.24659194,False
28,0.42318922,0.373355,False
29,0.8929295,0.8269214,True
30,0.85130286,0.72752714,True
31,0.5581578,0.47760084,True
32,0.59494007,0.7405893,True
33,0.9043555,0.6439403,True
34,0.72466457,0.7372453,True
35,0.8270272,0.5938076,True
36,0.5483325,0.43150192,False
37,0.7167543,0.61743283,True
38,0.7976712,0.4696664,True
39,0.7090554,0.7203717,True
40,0.40373227,0.395826,False
41,0.82855237,0.7828186,True
42,0.7327336,0.78170335,True
43,0.77986634,0.7198316,True
44,0.55656576,0.7220491,False
45,0.6907313,0.7200601,True
46,0.5221708,0.6139452,True
47,0.5043263,0.7013016,True
48,0.8661301,0.63766277,True
49,0.57448614,0.6171887,True
50,0.29069713,0.36487466,False
51,0.5847243,0.4867134,True
52,0.48013932,0.56419414,True
53,0.7359742,0.7074801,True
54,0.7491404,0.44323862,False
55,0.61136645,0.4300979,False
56,0.6449208,0.5120708,True
57,0.7624949,0.8119781,True
58,0.77080536,0.7343377,True
59,0.65359044,0.45401415,True
60,0.60668766,0.40107268,False
61,0.9174951,0.83793384,True
62,0.73588365,0.8245411,True
63,0.8482921,0.6514358,True
64,0.6766437,0.78081936,True
65,0.45389462,0.8017721,True
66,0.8638181,0.62858784,True
67,0.7962049,0.73654383,True
68,0.76026,0.56731355,True
69,0.8508631,0.5255781,True
70,0.64201355,0.6257004,True
71,0.6315814,0.65067333,True
72,0.6486139,0.3887633,False
73,0.48781997,0.55228287,True
74,0.5788756,0.54625547,True
75,0.59724444,0.63182056,True
76,0.7692691,0.5108832,True
77,0.58244437,0.6556926,True
78,0.55946004,0.6392767,False
79,0.5174432,0.70477116,False
80,0.6189214,0.60361993,True
81,0.9125287,0.63794327,True
82,0.73882574,0.5864065,True
83,0.6883875,0.6185131,True
84,0.6197449,0.7171153,True
85,0.7696138,0.8987988,True
86,0.57895625,0.57837427,True
87,0.37505028,0.4028751,False
88,0.61324453,0.58182037,True
89,0.748721,0.70967615,True
90,0.49718228,0.611072,True
91,0.3320898,0.47771645,False
92,0.3011624,0.327419,False
93,0.8699464,0.86120236,True
94,0.72417665,0.8511759,True
95,0.80322134,0.6909298,True
96,0.57544535,0.6825528,True
97,0.8351827,0.70731187,True
98,0.6900178,0.7709032,False
99,0.9111745,0.80332,True
100,0.6599405,0.7144058,True
101,0.7333329,0.44624895,False
102,0.7588919,0.77495986,True
103,0.6970619,0.701929,True
104,0.6909251,0.7732852,True
105,0.61504793,0.6281401,True
106,0.5058727,0.5520231,False
107,0.86847556,0.7723681,False
108,0.85905886,0.86608624,True
109,0.8541496,0.40024236,False
110,0.58657646,0.5646882,True
111,0.43725082,0.51373696,True
112,0.33061248,0.3578114,False
113,0.72081995,0.6936014,True
114,0.6255481,0.72516286,True
115,0.52670556,0.5774984,True
116,0.61480397,0.7719618,True
117,0.39959872,0.44920534,False
118,0.8739815,0.6278062,True
119,0.6271807,0.49234504,True
120,0.33813155,0.41234207,False
121,0.6886244,0.5944289,True
122,0.6488244,0.68801475,True
123,0.766353,0.81769526,True
124,0.7330741,0.7072642,True
125,0.68399084,0.67495894,True
126,0.5519772,0.4273,False
127,0.6378479,0.5492968,True
128,0.17774151,0.42304057,False
129,0.637174,0.5916163,True
130,0.4458929,0.45710713,True
131,0.67136323,0.57282376,True
132,0.60104316,0.6845217,True
133,0.76078624,0.74889874,True
134,0.66972744,0.46690065,True
135,0.79129684,0.8053745,True
136,0.4310434,0.73037606,True
137,0.5789753,0.7607091,True
138,0.48777127,0.71270955,True
139,0.11500353,0.466743,False
140,0.3840854,0.56935406,False
141,0.81690216,0.47460258,True
142,0.874527,0.78824234,True
143,0.62787175,0.54903305,True
144,0.65103614,0.51430535,True
145,0.73348093,0.7492001,True
146,0.8208288,0.86996573,True
147,0.6719228,0.84110343,True
148,0.83207065,0.87053394,True
149,0.42004386,0.33100504,False
150,0.73289096,0.87024224,False
151,0.6513847,0.5278666,True
152,0.49116588,0.48567486,True
153,0.84925807,0.5675243,True
154,0.4039027,0.5655904,True
155,0.30012122,0.35430947,False
156,0.60393643,0.55751836,True
157,0.45702323,0.40424556,False
158,0.8365634,0.85349953,True
159,0.40686238,0.510571,True
160,0.64057744,0.6696994,True
161,0.6358514,0.6416718,True
162,0.8144355,0.8413533,True
163,0.68562216,0.7284432,True
164,0.32811165,0.8446582,False
165,0.865005,0.76551497,True
166,0.82382625,0.46126541,True
167,0.86034477,0.87727463,True
168,0.52328163,0.59154505,True
169,0.6404167,0.6254576,True
170,0.5166944,0.56944335,True
171,0.49911797,0.5184674,True
172,0.46443543,0.5997427,True
173,0.7319991,0.7529078,True
174,0.5954669,0.6610688,True
175,0.5285444,0.5768081,True
176,0.5255383,0.63679504,True
177,0.68867236,0.44694015,False
178,0.5987442,0.51006734,True
179,0.74926597,0.54312176,True
180,0.5453927,0.47566348,True
181,0.6353557,0.77635556,True
182,0.92050946,0.7496706,True
183,0.6994891,0.7181977,True
184,0.67325866,0.61422896,True
185,0.93801,0.7983167,True
186,0.91366076,0.93511885,True
187,0.85089236,0.8696449,True
188,0.62003696,0.7347653,True
189,0.7383178,0.70300996,True
190,0.562602,0.5017035,True
191,0.63989604,0.6420108,True
192,0.4313298,0.56153566,True
193,0.672796,0.6282047,True
194,0.5324055,0.28914985,False
195,0.74071985,0.724584,False
196,0.47312254,0.5429106,True
197,0.60277194,0.77495015,True
198,0.8861957,0.8446442,True
199,0.65269405,0.82160354,True
200,0.25553763,0.40580243,False
201,0.77752185,0.71403706,True
202,0.34695303,0.6188854,False
203,0.534831,0.5001647,True
204,0.41340756,0.65833426,True
205,0.64346594,0.6811165,True
206,0.40949383,0.3439996,False
207,0.6461625,0.67903376,True
208,0.5444317,0.6642351,True
209,0.62270844,0.61229086,True
210,0.5452097,0.5378325,True
211,0.79533947,0.5301531,False
212,0.6782063,0.6675118,True
213,0.5921172,0.52120864,True
214,0.51869774,0.658761,True
215,0.69153094,0.6714093,True
216,0.2360498,0.5656942,False
217,0.7956085,0.7604947,True
218,0.7413266,0.7346531,True
219,0.79903316,0.7822872,True
220,0.42317134,0.5421473,True
221,0.7897871,0.76155096,True
222,0.6835247,0.74528486,True
223,0.78451854,0.7794105,True
224,0.4988905,0.60502553,True
225,0.6780459,0.63275146,True
226,0.3947798,0.62871873,True
227,0.4472943,0.40208864,False
228,0.3588066,0.61304384,True
229,0.7633678,0.8061168,True
230,0.5927896,0.62221533,True
231,0.43787295,0.6058371,True
232,0.7197418,0.6983652,True
233,0.64101315,0.6836662,True
234,0.4411468,0.51073205,True
235,0.72124135,0.6860903,True
236,0.65788245,0.5858555,True
237,0.572651,0.64712805,True
238,0.50482994,0.6550274,True
239,0.5133504,0.59846145,True
240,0.5421305,0.53748107,True
241,0.7310362,0.8108255,True
242,0.37494743,0.40203723,False
243,0.5915772,0.42922744,False
244,0.68335277,0.713655,True
245,0.69455886,0.6386595,True
246,0.7277332,0.6374546,False
247,0.91522884,0.6068926,True
248,0.62296104,0.677163,True
249,0.5466523,0.5697141,True
250,0.48916298,0.6620113,False
251,0.7868186,0.66825044,True
252,0.52289736,0.47469425,False
253,0.81573653,0.72903097,True
254,0.7730228,0.7230222,True
255,0.7181645,0.43206057,False
256,0.72267795,0.7604561,True
257,0.5735967,0.48833907,True
258,0.7903153,0.6903984,True
259,0.72616345,0.4481819,False
260,0.7697555,0.6801644,True
261,0.6556553,0.77991045,True
262,0.7333623,0.82939565,True
263,0.7945507,0.75585663,True
264,0.78210473,0.8695979,True
265,0.7717841,0.76665306,True
266,0.763036,0.59267175,True
267,0.7462952,0.73273706,True
268,0.6041828,0.43564123,False
269,0.6654154,0.8053595,True
270,0.62285733,0.63637936,True
271,0.7927754,0.6497973,True
272,0.74267554,0.51824445,True
273,0.47473663,0.5270469,True
274,0.3162651,0.5766097,False
275,0.76565886,0.778185,True
276,0.7652889,0.40406358,False
277,0.7842641,0.74758464,True
278,0.78525233,0.6904739,True
279,0.4925712,0.6147413,True
280,0.75110745,0.65467817,True
281,0.63249767,0.65359277,True
282,0.7941706,0.69538414,True
283,0.74130094,0.6344634,True
284,0.83656013,0.790523,True
285,0.6825479,0.7632997,True
286,0.22124028,0.38155097,False
287,0.74157035,0.6126226,True
288,0.6905048,0.7343951,True
289,0.62606263,0.72228783,True
290,0.76492894,0.5468435,True
291,0.82023525,0.53360045,True
292,0.7948074,0.6397841,True
293,0.8706522,0.5078554,True
294,0.78348124,0.84355825,True
295,0.7674774,0.6744281,True
296,0.20680623,0.42359003,False
297,0.7672167,0.67411065,True
298,0.66525495,0.491282,True
299,0.7010579,0.7411563,True
300,0.519723,0.67241836,True
301,0.41181174,0.63854253,True
302,0.5157629,0.55359125,True
303,0.4553507,0.55279213,True
304,0.7601176,0.54190546,True
305,0.717234,0.7222585,True
306,0.8970238,0.8647781,True
307,0.5668628,0.5337984,True
308,0.69817394,0.88816357,True
309,0.3760238,0.46224308,True
310,0.0636077,0.046109654,False
311,-0.048437614,0.029557846,False
312,0.3155179,0.40820682,False
313,0.75229,0.8465353,True
314,0.70689034,0.5839329,True
315,0.8828289,0.91177815,True
316,0.33780882,0.3377676,False
317,0.8423196,0.696379,True
318,0.67379075,0.53082085,True
319,0.6249821,0.5851655,True
320,0.6492676,0.68760437,True
321,0.7473942,0.79194087,True
322,0.43538272,0.51105064,True
323,0.23685099,0.4574234,False
324,0.76608175,0.7921921,True
325,0.28733712,0.5451249,False
326,0.88640636,0.6639567,True
327,0.72153443,0.6142314,True
328,0.71718395,0.6402732,True
329,0.900937,0.8633166,True
330,0.56426454,0.7104737,True
331,0.7126292,0.75432265,True
332,0.51076543,0.7743853,True
333,0.6081798,0.5688036,True
334,0.7635964,0.82283807,True
335,0.678424,0.6688678,True
336,0.47532025,0.5026549,True
337,0.6211067,0.6676438,True
338,0.49924016,0.46820697,True
339,0.4959433,0.48036963,True
340,0.6630161,0.7153346,True
341,0.76288253,0.6947943,True
342,0.77524424,0.66132325,True
343,0.60721445,0.5154885,True
344,0.6913795,0.67111564,True
345,0.8319819,0.86158895,True
346,0.735742,0.82547665,True
347,0.84660536,0.91536283,True
348,0.35342836,0.61166394,True
349,0.47487664,0.4870202,True
350,0.34369874,0.4039154,False
351,0.74782264,0.83464575,True
352,0.6045777,0.6627392,True
353,0.44952172,0.6505454,True
354,0.51546484,0.48468256,True
355,0.7580664,0.7216797,True
356,0.44900432,0.4120742,False
357,0.7625952,0.7819421,True
358,0.601875,0.61113054,True
359,0.7864114,0.7474309,True
360,0.61088514,0.7292831,True
361,0.7248003,0.5513818,True
362,0.45251536,0.51179093,True
363,0.5557123,0.84474236,True
364,0.06887298,0.24545187,False
365,0.85077727,0.86244,True
366,0.65704805,0.8244107,True
367,0.6105998,0.76430166,True
368,0.62298465,0.6776067,True
369,0.34657228,0.5886452,False
370,0.8643975,0.64754766,True
371,0.7612095,0.7201874,True
372,0.7249601,0.37021232,False
373,0.8208438,0.8533206,True
374,0.38499612,0.5771525,True
375,0.6250738,0.66795474,True
376,0.5327079,0.62473285,True
377,0.7389058,0.6879137,True
378,0.51146126,0.80142456,True
379,0.73627543,0.67970985,True
380,0.789128,0.68952745,True
381,0.69437575,0.6573263,True
382,0.61263955,0.59332895,True
383,0.83314466,0.8758589,True
384,0.85611165,0.70675206,True
385,0.45112318,0.54487324,False
386,0.5397157,0.8033452,False
387,0.65610385,0.9040365,True
388,0.3657149,0.46040025,True
389,0.57860607,0.63240397,True
390,0.6490886,0.8666601,True
391,0.5954021,0.5231397,True
392,0.5377114,0.7114812,True
393,0.48574972,0.6205761,True
394,0.87732947,0.8630333,True
395,0.3113761,0.4342584,False
396,0.85610104,0.8560169,True
397,0.42344096,0.5811367,True
398,0.67748153,0.6046154,False
399,0.59171176,0.6920177,True
400,0.29037628,0.34048146,False
401,0.5394833,0.4617738,True
402,0.42706907,0.38045463,False
403,0.65567887,0.66797864,True
404,0.33083642,0.46978858,False
405,0.6488745,0.49099267,True
406,0.5778378,0.465954,True
407,0.69225395,0.69725734,True
408,0.44036,0.50792295,True
409,0.7924168,0.46796852,True
410,0.17801389,0.12238872,False
411,0.16571945,0.74409944,False
412,0.42366633,0.35048917,False
413,0.8162756,0.6662564,True
414,0.78159046,0.6463614,True
415,0.65921843,0.5075754,True
416,0.46062014,0.5381576,True
417,0.7428646,0.83077013,True
418,0.59938157,0.66873527,True
419,0.5347676,0.51402104,True
420,0.26722723,0.3898744,False
421,0.69232976,0.64944154,True
422,0.40859923,0.4308458,False
423,0.7855042,0.6971491,True
424,0.3975387,0.5247157,True
425,0.7774657,0.6765756,True
426,0.75029343,0.62538207,True
427,0.94451284,0.61023223,True
428,0.73850894,0.6437756,True
429,0.6975646,0.7647805,True
430,0.685403,0.6128168,True
431,0.6866882,0.55587494,True
432,0.7601229,0.3523872,False
433,0.7159908,0.8009678,True
434,0.7574748,0.6670732,True
435,0.6911229,0.5581014,True
436,0.7383426,0.6763761,True
437,0.7295781,0.8178079,True
438,0.70455265,0.75411165,True
439,0.61813736,0.69101334,True
440,0.6827924,0.70827997,True
441,0.7145262,0.5114675,True
442,0.3953751,0.5788936,True
443,0.39067203,0.43270418,False
444,0.28720915,0.42952406,False
445,0.7248502,0.43433976,False
446,0.3831602,0.58891046,True
447,0.8795924,0.47369057,True
448,0.59026456,0.34041363,False
449,0.5633198,0.5497992,True
450,0.6591313,0.3990476,False
451,0.8717293,0.3757455,False
452,0.47343665,0.43047726,False
453,0.5779566,0.5341913,True
454,0.51383114,0.50576,True
455,0.64953625,0.5622034,True
456,0.5525254,0.74493784,True
457,0.6558347,0.7533407,True
458,0.583762,0.68638265,True
459,0.58698666,0.5731698,True
460,0.5928583,0.65162814,True
461,0.80386996,0.7512922,True
462,0.66162586,0.68153375,True
463,0.9231575,0.91975224,True
464,0.85924864,0.4380293,False
465,0.75738585,0.5964784,True
466,0.7468748,0.7366034,True
467,0.81803715,0.71150184,True
468,0.6803883,0.7314205,True
469,0.61206806,0.44993263,False
470,0.5841739,0.47732615,True
471,0.29748106,0.5070629,False
472,0.26886508,0.3810079,False
473,0.6839044,0.5965277,True
474,0.73149294,0.7677531,True
475,0.6553723,0.7296392,True
476,0.6650295,0.8348952,True
477,0.81368935,0.73789513,True
478,0.67081773,0.7287418,True
479,0.87828624,0.7603253,True
480,0.84136635,0.8158015,True
481,0.15267062,0.20410565,False
482,0.8171278,0.6146138,True
483,0.78241014,0.75836456,True
484,0.6810195,0.5532356,True
485,0.6210512,0.60515445,True
486,0.50294065,0.6235044,True
487,0.53993833,0.5537953,True
488,0.621409,0.5243008,True
489,0.7566061,0.71714985,True
490,0.79759556,0.8250254,True
491,0.81978905,0.78285336,False
492,0.78273773,0.7530865,True
493,0.7605556,0.8172715,True
494,0.5276034,0.5778276,True
495,0.7205046,0.76496696,True
496,0.7852872,0.7926872,True
497,0.56109416,0.63790226,True
498,0.90133226,0.8499,True
499,0.85030705,0.881413,True
500,0.5759941,0.5962074,True
501,0.59093255,0.7396091,True
502,0.83801854,0.6909354,True
503,0.563849,0.5483016,True
504,0.83454317,0.63498294,True
505,0.58764136,0.55103797,True
506,0.18807256,0.21793988,False
507,0.4719143,0.20359921,False
508,0.5974647,0.495429,True
509,0.28288317,0.40560433,False
510,0.73817647,0.8571141,True
511,0.56877583,0.54679996,True
512,0.5804548,0.5985348,False
513,0.53841007,0.4892571,True
514,0.6834577,0.62617624,True
515,0.70515704,0.5904614,True
516,0.63949835,0.60089767,True
517,0.7012099,0.712217,True
518,0.50617534,0.63920355,True
519,0.81216383,0.7029749,True
520,0.5883432,0.6430593,True
521,0.74358267,0.6839199,True
522,0.64526296,0.6269893,True
523,0.5272435,0.6977321,True
524,0.5252955,0.6706962,True
525,0.61752886,0.54381895,True
526,0.8398938,0.60311186,True
527,0.6747327,0.78260493,True
528,0.2601539,0.5159481,False
529,0.4946474,0.51145196,True
530,0.5316462,0.5062893,True
531,0.87309396,0.6661494,True
532,0.80443335,0.60640496,False
533,0.5544739,0.5229899,True
534,0.54661196,0.56614685,True
535,0.6170682,0.57425666,True
536,0.47965276,0.39080614,False
537,0.6383101,0.690037,True
538,0.4722768,0.6369823,True
539,0.7253083,0.5342053,True
540,0.4946742,0.57713616,True
541,0.7212473,0.823208,True
542,0.49768406,0.7806759,True
543,0.6725836,0.58165634,True
544,0.57346344,0.6723883,True
545,0.7474711,0.57435083,True
546,0.56420684,0.59587836,True
547,0.65309894,0.7137742,True
548,0.60933113,0.5402388,True
549,0.6600602,0.5910022,True
550,0.6586313,0.25745285,False
551,0.8084755,0.67305726,False
552,0.66636467,0.592136,True
553,0.8124252,0.75305074,True
554,0.65694654,0.7941369,True
555,0.7560748,0.77360994,True
556,0.4899833,0.5201245,True
557,0.7770482,0.61767006,True
558,0.58298093,0.6495819,True
559,0.7517341,0.6790471,True
560,0.36228383,0.40168417,False
561,0.71616715,0.47573936,True
562,0.55988896,0.5006621,True
563,0.7842771,0.63061935,True
564,0.610292,0.6416806,True
565,0.7789248,0.79505086,False
566,0.37340432,0.53204715,False
567,0.54188335,0.42200428,False
568,0.33857033,0.517045,False
569,0.6665597,0.7235048,True
570,0.7518413,0.50685436,True
571,0.60371625,0.615788,True
572,0.64933234,0.6180147,True
573,0.6637683,0.79725504,True
574,0.75563633,0.8565572,True
575,0.44748172,0.66744506,True
576,0.6035863,0.5707124,True
577,0.54591,0.6975343,True
578,0.8226888,0.6468041,True
579,0.71918964,0.74809873,True
580,0.8601438,0.8897486,True
581,0.7015547,0.7692469,True
582,0.82964456,0.7231076,True
583,0.2522784,0.2674134,False
584,0.33811378,0.43037835,False
585,0.6080539,0.78283215,True
586,0.84217864,0.81048334,True
587,0.55686605,0.67366457,True
588,0.6296818,0.8431282,True
589,0.7460109,0.77154905,True
590,0.34367412,0.53075016,False
591,0.56607306,0.68020225,True
592,0.86385775,0.72211033,True
593,0.49789295,0.6136714,True
594,0.41659397,0.5942568,True
595,0.7540733,0.59216833,True
596,0.58273816,0.78454745,True
597,0.9402112,0.681727,True
598,0.5639039,0.5961698,True
599,0.69664115,0.4559406,True
600,0.41963094,0.86390877,True
601,0.70270145,0.70661736,True
602,0.65550274,0.7204317,False
603,0.7108897,0.7177367,True
604,0.53726196,0.53019583,True
605,0.6737361,0.8770784,True
606,0.6999477,0.64144623,True
607,0.76822853,0.69845366,True
608,0.674752,0.52072,True
609,0.7657374,0.7606687,True
610,0.5386504,0.7183565,True
611,0.81890523,0.793043,True
612,0.7847373,0.77063024,True
613,0.59779966,0.58537185,True
614,0.8083057,0.73734015,True
615,0.85811967,0.8176893,True
616,0.5207459,0.516438,True
617,0.5644324,0.65160584,True
618,0.5724642,0.7527822,True
619,0.38735053,0.48782358,True
620,0.56166023,0.6199994,True
621,0.6491753,0.58571637,True
622,0.62974954,0.6691181,True
623,0.7358652,0.6178825,True
624,0.58611256,0.57185274,True
625,0.7417835,0.4750303,True
626,0.8953606,0.37268323,False
627,0.3557552,0.29063663,False
628,0.6348957,0.41691893,False
629,0.88569045,0.55448973,True
630,0.52525234,0.5668179,False
631,0.8239583,0.50047946,True
632,0.6531778,0.6364642,True
633,0.8540067,0.430808,False
634,0.49044546,0.6812949,True
635,0.85649496,0.89428526,True
636,0.7892102,0.42809814,False
637,0.669907,0.6560708,True
638,0.77036405,0.6290786,True
639,0.87498474,0.6266962,True
640,0.48688656,0.5754724,True
641,0.3640948,0.5222901,True
642,0.56988406,0.67626715,True
643,0.7837105,0.6179146,True
644,0.5718965,0.6510984,True
645,0.6972971,0.73663986,True
646,0.69447005,0.8561884,True
647,0.81112736,0.8473323,True
648,0.64818376,0.5306051,True
649,0.50431675,0.51546156,True
650,0.48941937,0.40039247,False
651,0.5037404,0.45268625,True
652,0.48850825,0.47283742,True
653,0.81483686,0.7280692,True
654,0.3683326,0.42080265,False
655,0.6124774,0.5561794,True
656,0.62795824,0.63454854,True
657,0.77449596,0.65611726,True
658,0.68652713,0.71433634,True
659,0.6725922,0.63057137,True
660,0.7068841,0.7902774,True
661,0.73221844,0.66062796,True
662,0.7223377,0.6737117,True
663,0.71075916,0.7970915,True
664,0.84778464,0.4882905,True
665,0.7240725,0.7486357,True
666,0.6409826,0.43070957,False
667,0.72998345,0.5506338,True
668,0.5201787,0.5726492,True
669,0.28962868,0.7075565,False
670,0.520128,0.47539258,True
671,0.59527683,0.3020507,False
672,0.8476588,0.8484038,True
673,0.735968,0.6418951,True
674,0.645977,0.78164315,True
675,0.60832906,0.5329268,True
676,0.8292069,0.633412,True
677,0.608076,0.462849,True
678,0.5144255,0.6320575,True
679,0.76328325,0.52245384,True
680,0.5365867,0.6527839,True
681,0.67864704,0.6313127,True
682,0.4443435,0.4866678,True
683,0.6729489,0.59763813,True
684,0.3763092,0.45430094,True
685,0.60217094,0.60662246,True
686,0.8524996,0.70834225,True
687,0.8056049,0.81827927,True
688,0.4847415,0.31613332,False
689,0.6005472,0.57846063,True
690,0.57614493,0.52322716,True
691,0.80918044,0.8576122,True
692,0.27706867,0.23385493,False
693,0.51818395,0.52430207,True
694,0.6255851,0.53594047,True
695,0.6537211,0.74585503,True
696,0.43523383,0.5179233,True
697,0.79332113,0.48109797,True
698,0.6394046,0.6365721,True
699,0.7800115,0.41305915,False
700,0.5854536,0.6072608,True
701,0.89365494,0.78642726,True
702,0.6317865,0.14292546,False
703,0.83163315,0.54929537,False
704,0.8393901,0.8659117,True
705,0.5822507,0.69275486,True
706,0.39669284,0.7276097,True
707,0.84244335,0.51682,True
708,0.7512546,0.29734257,False
709,0.62358356,0.67675424,True
710,0.5936247,0.6961081,True
711,0.6036823,0.5959928,True
712,0.6873231,0.7019613,False
713,0.8741899,0.9148329,True
714,0.6191907,0.61052024,True
715,0.6300789,0.5281155,True
716,0.06743851,0.7544562,False
717,0.7438633,0.5858295,True
718,0.6132045,0.79071414,True
719,0.35840023,0.8176427,True
720,0.61330116,0.6334634,True
721,0.73729277,0.7376567,True
722,0.47405666,0.51846564,True
723,0.589561,0.7048394,True
724,0.6020429,0.7649072,True
725,0.56886256,0.34738547,False
726,0.47229648,0.30205458,False
727,0.32832384,0.18346158,False
728,0.5837638,0.48509938,True
729,0.6626959,0.60154307,True
730,0.92355716,0.52505565,True
731,0.7671075,0.6098956,True
732,0.7132436,0.54056287,True
733,0.82067215,0.74079865,True
734,0.50130796,0.74381065,True
735,0.680039,0.29825646,False
736,0.61990786,0.36150497,False
737,0.39707202,0.72848076,True
738,0.44435173,0.56787753,True
739,0.4416649,0.5142324,True
740,0.35491398,0.41452166,False
741,0.6627945,0.6955925,True
742,0.8019838,0.47723585,True
743,0.60363114,0.4073271,False
744,0.44307205,0.45700485,True
745,0.80977994,0.75988364,True
746,0.748672,0.5187832,True
747,0.7139772,0.78449655,True
748,0.6556403,0.7623413,True
749,0.74202347,0.77218235,True
750,0.83403945,0.80765605,True
751,0.8430111,0.909555,True
752,0.68132615,0.70582277,True
753,0.68111235,0.5350819,True
754,0.6568957,0.5837424,True
755,0.6128636,0.6347708,True
756,0.5706888,0.45428926,True
757,0.40980244,0.6162772,True
758,0.69812655,0.67737126,True
759,0.78408,0.7842872,True
760,0.4326902,0.76764977,True
761,0.75887185,0.7855456,True
762,0.4297449,0.537742,True
763,0.5281978,0.6070919,True
764,0.3725274,0.44488692,False
765,0.6125422,0.641562,True
766,0.46171892,0.3710602,False
767,0.4904768,0.40085772,False
768,0.39400423,0.51844,True
769,0.7836416,0.78515273,True
770,0.6716976,0.6850877,True
771,0.70503086,0.76127017,False
772,0.44896674,0.48990738,True
773,0.6590265,0.6287965,True
774,0.57486963,0.66876453,True
775,0.49876702,0.50780666,True
776,0.7226223,0.61859906,True
777,0.61614496,0.66540706,True
778,0.39891362,0.55995613,True
779,0.5785482,0.6539459,True
780,0.41269806,0.61402607,True
781,0.7200225,0.7044629,True
782,0.47906134,0.51418704,True
783,0.452443,0.6227174,True
784,0.6196952,0.70624256,True
785,0.8498907,0.84324527,True
786,0.12685633,0.32594785,False
787,0.8733938,0.8185265,True
788,0.8772006,0.9082141,True
789,0.06737813,0.6917751,False
790,0.34689534,0.6226407,False
791,0.20980968,0.50145566,False
792,0.74763083,0.9202016,True
793,0.40743297,0.49269658,True
794,0.7132275,0.70256746,True
795,0.4606691,0.5513871,True
796,0.21202841,0.46982875,False
797,0.5864112,0.85451496,True
798,0.82230866,0.7261369,True
799,0.74072313,0.6496038,True
800,0.41401672,0.44726545,False
801,0.6949354,0.57573634,True
802,0.65685225,0.66661716,True
803,0.6405076,0.59065956,True
804,0.56180274,0.621737,True
805,0.7215363,0.73640245,False
806,0.77981937,0.66346705,True
807,0.7072794,0.7218555,True
808,0.50191486,0.5215486,False
809,0.5619682,0.7655815,False
810,0.70509076,0.59649503,True
811,0.7221983,0.6874796,True
812,0.734928,0.9349067,False
813,0.5238542,0.5667356,True
814,0.49354482,0.5738366,True
815,0.63702834,0.7108576,True
816,0.4950929,0.5764679,True
817,0.66214657,0.72722965,True
818,0.79111904,0.8053939,True
819,0.67309856,0.29831827,False
820,0.35801268,0.28786987,False
821,0.749123,0.68636036,True
822,0.7915679,0.8028675,True
823,0.36744875,0.39075717,False
824,0.544921,0.59742785,True
825,0.928186,0.8431535,True
826,0.34965494,0.48162293,False
827,0.86927867,0.52551347,True
828,0.4882828,0.6244161,True
829,0.6565918,0.67261475,True
830,0.555341,0.7017469,True
831,0.68888,0.5916941,True
832,0.59803605,0.64272416,True
833,0.6899723,0.69880605,True
834,0.3822984,0.78761166,True
835,0.5742924,0.6454061,True
836,0.7565784,0.71216214,True
837,0.7850355,0.77623814,True
838,0.647773,0.6967313,False
839,0.65477455,0.6953294,True
840,0.7516309,0.6472646,False
841,0.79590106,0.8218248,True
842,0.7290944,0.6602395,True
843,0.43252483,0.59243095,True
844,0.40910652,0.5148314,True
845,0.44202387,0.8842243,True
846,0.7359335,0.68760866,True
847,0.63308066,0.6167335,True
848,0.42769557,0.288922,False
849,0.71111846,0.81610054,True
850,0.72299296,0.80855227,True
851,0.63286984,0.79894453,True
852,0.88360643,0.87330973,True
853,0.68301743,0.6511471,False
854,0.6508187,0.7555251,True
855,0.85823643,0.87521046,True
856,0.6787304,0.82863355,True
857,0.7589261,0.81601167,True
858,0.69366556,0.7636239,True
859,0.632164,0.691569,True
860,0.8012581,0.33341843,False
861,0.8456365,0.8607268,True
862,0.7406554,0.71179354,False
863,0.61872256,0.6253871,False
864,0.50651443,0.46459314,False
865,0.6184409,0.49699426,True
866,0.45220292,0.6427543,True
867,0.5586334,0.5178602,True
868,0.25801778,0.6407962,False
869,0.10886787,0.2589194,False
870,0.7256877,0.75152224,True
871,0.60802734,0.7809694,True
872,0.6200971,0.5450674,True
873,0.7625429,0.62370545,True
874,0.6856458,0.5319012,False
875,0.7122978,0.46454424,False
876,0.70121944,0.6472628,True
877,0.70712817,0.7862415,True
878,0.6107022,0.6217992,True
879,0.6083465,0.88287675,True
880,0.7417852,0.27491742,False
881,0.6729797,0.6920948,True
882,0.50292003,0.43604678,False
883,0.65757823,0.66942227,True
884,0.44093716,0.60684264,True
885,0.63944566,0.7152268,True
886,0.7660786,0.8248697,True
887,0.8458649,0.70997334,True
888,0.58432734,0.24166338,False
889,0.6612625,0.5256731,True
890,0.43235308,0.6909547,True
891,0.8321223,0.76681846,True
892,0.8504826,0.84013224,True
893,0.82077473,0.7867403,True
894,0.4315322,0.50011814,True
895,0.29549605,0.32964313,False
896,0.84208536,0.43509665,False
897,0.27922475,0.6356691,False
898,0.60530895,0.6790767,True
899,0.8641887,0.91046953,True
900,0.48879454,0.7005124,True
901,0.73852074,0.70057803,True
902,0.51026714,0.794612,True
903,0.65216637,0.71980685,True
904,0.4674856,0.71549153,True
905,0.62428313,0.7585888,True
906,0.61038554,0.81497926,True
907,0.61333233,0.6717425,False
908,0.8213531,0.8482584,True
909,0.7242774,0.77634513,True
910,0.7561995,0.605079,True
911,0.6879574,0.36753595,False
912,0.6856526,0.792049,True
913,0.85949206,0.6244136,True
914,0.31951636,0.42719388,False
915,0.7968256,0.77034503,True
916,0.4277804,0.49550325,True
917,0.74281293,0.85324264,True
918,0.7172482,0.6820992,True
919,0.78273976,0.78653663,True
920,0.7724198,0.7547245,True
921,0.5297687,0.6787325,True
922,0.40015227,0.6152815,True
923,0.6148233,0.63350016,True
924,0.71615076,0.7021534,True
925,0.081710786,0.16230056,False
926,0.6979072,0.68888235,True
927,0.8809266,0.8763467,True
928,0.5441472,0.6072875,True
929,0.6235576,0.664767,True
930,0.5912502,0.62237585,True
931,0.28396547,0.32081348,False
932,0.41596985,0.55319846,True
933,0.768895,0.6730515,False
934,0.5389876,0.67269653,False
935,0.7218802,0.75758004,True
936,0.81504637,0.72985905,True
937,0.6805894,0.75330746,True
938,0.4095628,0.5955641,True
939,0.7184384,0.38914692,False
940,0.377671,0.65458107,True
941,0.80268264,0.47081256,True
942,0.71146584,0.6405019,True
943,0.42783922,0.16952202,False
944,0.68711734,0.55141973,True
945,0.6304772,0.59209526,True
946,0.5536401,0.5919136,True
947,0.8547522,0.69933623,True
948,0.5618186,0.62376976,True
949,0.8019512,0.528007,True
950,0.44247475,0.48477203,True
951,0.6147404,0.63023627,True
952,0.4432912,0.6104324,True
953,0.61310655,0.6472869,True
954,0.49500698,0.7759099,True
955,0.30060592,0.63992834,False
956,0.7500868,0.69872296,True
957,0.74929607,0.7469277,True
958,0.5939561,0.7209642,True
959,0.56974083,0.52605593,True
960,0.23858279,0.30880275,False
961,0.69935983,0.65194446,True
962,0.7798494,0.7332096,True
963,0.8274029,0.6767819,False
964,0.8073658,0.8358196,True
965,0.69924605,0.63872635,True
966,0.5200404,0.4769825,True
967,0.7148622,0.6770966,True
968,0.3804075,0.5294595,True
969,0.87303245,0.73782796,True
970,0.36107844,0.71738046,True
971,0.8086742,0.88705254,True
972,0.7254678,0.7493956,True
973,0.7043836,0.58615065,True
974,0.61190486,0.5480697,True
975,0.6825402,0.40851784,False
976,0.62954444,0.32741123,False
977,0.81064826,0.68856114,True
978,0.5102229,0.5983795,True
979,0.5374453,0.27555904,False
980,0.7182555,0.44127315,False
981,0.84718966,0.6506707,True
982,0.744643,0.58071434,True
983,0.7479669,0.4698481,True
984,0.024998445,0.21978822,False
985,0.7445241,0.47893292,True
986,0.3403045,0.4263916,False
987,0.6321982,0.30108994,False
988,0.45045018,0.5220986,True
989,0.8039427,0.680545,True
990,0.7485186,0.6113614,True
991,0.662771,0.72856766,True
992,0.7979427,0.65472376,True
993,0.78267103,0.7119758,True
994,0.7541151,0.7010032,True
995,0.7391514,0.62499225,True
996,0.28536654,0.39252317,False
997,0.7600154,0.8441373,True
998,0.583707,0.6689001,True
999,0.81683755,0.65476316,True
1000,0.7385171,0.5045657,True
1001,0.70427966,0.7706337,True
1002,0.6084613,0.793792,False
1003,0.67234147,0.71684563,True
1004,0.7014177,0.8847885,True
1005,0.76508695,0.75587416,True
1006,0.5214087,0.43628657,False
1007,0.5400169,0.559845,True
1008,0.6810882,0.70407856,True
1009,0.61053944,0.72034717,False
1010,0.60973805,0.7752274,True
1011,0.14211693,0.048672967,False
1012,0.46250305,0.6674987,False
1013,0.741923,0.8240354,True
1014,0.45237106,0.5816409,True
1015,0.739751,0.61791193,True
1016,0.69773793,0.7105144,True
1017,0.7428622,0.7321062,True
1018,0.39317328,0.6031867,True
1019,0.56441236,0.4333448,False
1020,0.42626828,0.48502675,True
1021,0.6491211,0.7948421,True
1022,0.52967834,0.5939371,True
1023,0.73032796,0.8949182,True
1024,0.60836583,0.79389644,True
1025,0.6821035,0.70558864,True
1026,0.5489994,0.5883155,True
1027,0.72131443,0.5648242,True
1028,0.6833323,0.76869774,True
1029,0.6807012,0.78263646,True
1030,0.7369127,0.6795442,True
1031,0.80940133,0.57609034,True
1032,0.5777582,0.66589457,True
1033,0.6478856,0.52855957,True
1034,0.5884124,0.6089274,True
1035,0.82199955,0.5729703,True
1036,0.7724894,0.6691035,True
1037,0.67113,0.5988225,True
1038,0.5530181,0.6177114,True
1039,0.7006697,0.6022845,True
1040,0.55188155,0.35015514,False
1041,0.73283863,0.59047794,True
1042,0.62115514,0.6012121,True
1043,0.6930098,0.7187102,True
1044,0.5557978,0.7500249,True
1045,0.67443997,0.6589644,True
1046,0.6937934,0.7244523,True
1047,0.50107574,0.42326522,False
1048,0.6007967,0.5241825,True
1049,0.86645675,0.70793563,True
1050,0.71726316,0.63864696,True
1051,0.7411901,0.4350947,False
1052,0.7567985,0.34898221,False
1053,0.7750939,0.51958394,True
1054,0.48037824,0.60421884,True
1055,0.88394845,0.59949726,True
1056,0.11606105,0.19089781,False
1057,0.73887897,0.7067479,True
1058,0.7716062,0.86237097,True
1059,0.6943609,0.5806374,True
1060,0.6774424,0.73886085,True
1061,0.48498964,0.53785104,True
1062,0.7567338,0.7039875,True
1063,0.8324299,0.6510094,True
1064,0.5314202,0.78263175,True
1065,0.40913004,0.4899648,True
1066,0.8788561,0.6407457,True
1067,0.64401436,0.5674727,True
1068,0.39664257,0.32585797,False
1069,0.73390573,0.6964643,True
1070,0.61697584,0.6793727,True
1071,0.7187612,0.6653625,True
1072,0.71401954,0.68485963,True
1073,0.7437293,0.73777616,True
1074,0.5270829,0.59776795,True
1075,0.7048897,0.8195175,True
1076,0.39673263,0.3488621,False
1077,0.776181,0.77560973,True
1078,0.65176946,0.67214274,True
1079,0.7619305,0.78373677,True
1080,0.38951695,0.45297664,True
1081,0.8348355,0.8163223,True
1082,0.80478925,0.8013077,True
1083,0.8715234,0.5836071,True
1084,0.6337855,0.6533017,True
1085,0.6941076,0.59172434,True
1086,0.5006277,0.64490134,True
1087,0.40856948,0.44564337,False
1088,0.24703906,0.39165258,False
1089,0.7768614,0.8684337,True
1090,0.86540544,0.67242575,True
1091,0.7408738,0.7991563,True
1092,0.4738295,0.5662083,True
1093,0.82553816,0.6722945,True
1094,0.42105657,0.428859,False
1095,0.6144942,0.6796065,True
1096,0.5042435,0.6772369,True
1097,0.771477,0.7031989,True
1098,0.5550999,0.63538146,True
1099,0.42806962,0.41398424,False
1100,0.5894803,0.53724235,True
1101,0.4945559,0.4653921,True
1102,0.7175306,0.61192286,True
1103,0.7390683,0.7397382,True
1104,0.8103546,0.84825945,True
1105,0.87344974,0.89259166,True
1106,0.5871856,0.5418044,True
1107,0.6185515,0.71636355,True
1108,0.6051687,0.66915023,True
1109,0.6870612,0.67311066,True
1110,0.5954321,0.74636096,True
1111,0.8251909,0.7999878,True
1112,0.6942724,0.7152196,True
1113,0.86969954,0.8782423,True
1114,0.30847636,0.5590682,False
1115,0.71227616,0.8297965,True
1116,0.76610065,0.76315314,True
1117,0.6250063,0.7434863,True
1118,0.6338814,0.59886855,True
1119,0.78627884,0.5522218,True
1120,0.81623447,0.4491139,False
1121,0.65556604,0.64934623,True
1122,0.51318127,0.4145441,False
1123,0.5520637,0.5374093,True
1124,0.52130014,0.61750746,True
1125,0.6667394,0.64405286,True
1126,0.706862,0.8070518,True
1127,0.69299674,0.6727335,True
1128,0.6462283,0.5916436,True
1129,0.57353944,0.42222023,False
1130,0.48475608,0.58229417,True
1131,0.69290334,0.61896193,True
1132,0.4530172,0.47271955,True
1133,0.9133022,0.5609591,True
1134,0.7020653,0.56968844,True
1135,0.70954525,0.54309404,True
1136,0.6542799,0.5053644,True
1137,0.7167647,0.62061006,True
1138,0.7211982,0.46792233,True
1139,0.7931012,0.67111707,True
1140,0.50977445,0.41657397,False
1141,0.601254,0.5447756,True
1142,0.7645925,0.8191378,True
1143,0.69139254,0.6768806,True
1144,0.7278218,0.7433207,True
1145,0.7750907,0.83313215,True
1146,0.7172023,0.70162606,True
1147,0.46226805,0.5095917,True
1148,0.6189344,0.6543472,True
1149,0.8464576,0.77765393,True
1150,0.7839531,0.55655205,False
1151,0.7329598,0.74583817,True
1152,0.56925416,0.6899053,True
1153,0.5915139,0.55388784,True
1154,0.8125084,0.80178213,True
1155,0.5022657,0.5959798,True
1156,0.68716574,0.69458854,True
1157,0.67565864,0.70429814,True
1158,0.37927675,0.5227115,True
1159,0.69095165,0.6262075,True
1160,0.59431136,0.5081142,True
1161,0.41230255,0.58516383,True
1162,0.88360643,0.75246733,True
1163,0.3867255,0.5275399,True
1164,0.39742315,0.5225158,True
1165,0.67718065,0.7738932,True
1166,0.76452345,0.74008,True
1167,0.54281783,0.6708863,True
1168,0.57909584,0.63093597,True
1169,0.72543734,0.6901423,True
1170,0.57187194,0.6877982,True
1171,0.8983979,0.76166356,True
1172,0.71940905,0.7530771,True
1173,0.81781244,0.641789,True
1174,0.82606417,0.5899315,True
1175,0.64004934,0.5308715,True
1176,0.523556,0.5037515,True
1177,0.8181379,0.78104675,True
1178,0.5027245,0.44613498,False
1179,0.7496812,0.7799635,True
1180,0.64264894,0.68406826,True
1181,0.39166623,0.27022457,False
1182,0.45477286,0.58268523,True
1183,0.8315683,0.54900956,True
1184,0.77107656,0.8755828,True
1185,0.65027964,0.79108536,True
1186,0.5591372,0.6010331,False
1187,0.7153523,0.5566602,True
1188,0.4791479,0.51020044,False
1189,0.68515337,0.78438056,True
1190,0.729913,0.7066408,True
1191,0.7752392,0.49281803,True
1192,0.53313005,0.44335687,False
1193,0.70483387,0.7459953,True
1194,0.65409803,0.65497565,True
1195,0.84753156,0.7861619,True
1196,0.17137733,0.28726682,False
1197,0.62950224,0.5333462,True
1198,0.4196058,0.71530473,True
1199,0.78975344,0.6222152,True
1200,0.4643323,0.59090716,True
1201,0.69272697,0.75036615,True
1202,0.54096323,0.70465755,True
1203,0.59003305,0.39037573,False
1204,0.59810257,0.55280805,True
1205,0.7837116,0.61675435,True
1206,0.6744944,0.40784767,False
1207,0.72185415,0.5299814,True
1208,0.59242135,0.4459718,False
1209,0.61273885,0.4616038,True
1210,0.6155064,0.4855195,False
1211,0.7467203,0.38183185,False
1212,0.67004716,0.6682108,False
1213,0.7239516,0.7976402,True
1214,0.6930522,0.6944573,True
1215,0.43450427,0.65940094,True
1216,0.59094,0.6694554,True
1217,0.50024253,0.46148455,True
1218,0.7342558,0.7703089,True
1219,0.8883841,0.71601164,True
1220,0.57309747,0.58575976,True
1221,0.9093938,0.8933701,True
1222,0.74025357,0.7217575,True
1223,0.8056551,0.871687,True
1224,0.6702954,0.61273533,True
1225,0.7281133,0.72145826,True
1226,0.7478945,0.6248996,True
1227,0.8834029,0.75361943,True
1228,0.5696907,0.53262305,True
1229,0.8224238,0.7297957,True
1230,0.7964722,0.83028984,True
1231,0.7726979,0.76601696,True
1232,0.6403947,0.5718469,True
1233,0.8534905,0.5838528,True
1234,0.3921256,0.39856666,False
1235,0.52929467,0.5988253,True
1236,0.51933813,0.35726437,False
1237,0.1943515,0.19853275,False
1238,0.24566542,0.6658386,False
1239,0.8003659,0.76937866,True
1240,0.1831725,0.701717,False
1241,0.12114106,0.18147302,False
1242,0.19978864,0.13454603,False
1243,0.5314424,0.58286124,True
1244,0.5743636,0.29484618,False
1245,0.6751454,0.7081555,True
1246,0.30988324,0.46579462,False
1247,0.5420225,0.5781032,True
1248,0.6120275,0.65505403,True
1249,0.90477955,0.53847635,True
1250,0.68220115,0.4635069,True
1251,0.48981768,0.4404867,False
1252,0.7079664,0.8348217,True
1253,0.849554,0.8608947,True
1254,0.8028823,0.45967504,True
1255,0.5416413,0.5461804,True
1256,0.54508054,0.330844,False
1257,0.58836603,0.4824686,True
1258,0.62928563,0.37431073,False
1259,0.646312,0.36111552,False
1260,0.68619287,0.7273109,True
1261,0.7563439,0.8652252,True
1262,0.5685425,0.75659955,True
1263,0.7183672,0.68751025,True
1264,0.6648153,0.65968287,True
1265,0.6527232,0.63601637,True
1266,0.52885926,0.73167515,True
1267,0.5746811,0.60304284,True
1268,0.5831768,0.569244,True
1269,0.5802028,0.6977058,True
1270,0.64624095,0.758553,True
1271,0.27892536,0.46966547,False
1272,0.62274796,0.7441332,True
1273,0.4968748,0.6165073,True
1274,0.2634315,0.47198105,False
1275,0.22868362,0.27234912,False
1276,0.07330151,0.15894452,False
1277,0.705721,0.8174099,True
1278,0.4920023,0.41252273,False
1279,0.80823743,0.6096014,True
1280,0.33637995,0.37993765,False
1281,0.8107346,0.7835099,True
1282,0.54487383,0.6163441,True
1283,0.84997,0.49562123,True
1284,0.732913,0.5735747,True
1285,0.7239015,0.5862288,True
1286,0.722471,0.45673954,True
1287,0.36683342,0.5345576,True
1288,0.7561071,0.32356614,False
1289,0.6382681,0.54800206,True
1290,0.27167338,0.6570326,False
1291,0.775917,0.6789899,True
1292,0.69515556,0.7094588,True
1293,0.79229,0.65424126,True
1294,0.54496646,0.58775234,True
1295,0.8659642,0.72753954,True
1296,0.31984872,0.34549576,False
1297,0.6393788,0.6379452,True
1298,0.679092,0.6845212,True
1299,0.705793,0.69829744,True
1300,0.41296133,0.49265262,True
1301,0.6239328,0.64057267,True
1302,0.39817846,0.23963444,False
1303,0.88194054,0.6519274,True
1304,0.76302886,0.26824898,False
1305,0.5252991,0.4855973,True
1306,0.87093484,0.51738834,True
1307,0.9001881,0.5968196,True
1308,0.61472005,0.41327232,False
1309,0.84172964,0.8841977,True
1310,0.40403605,0.47627842,True
1311,0.6101132,0.5670824,True
1312,0.39795023,0.48967168,True
1313,0.6017114,0.5839205,True
1314,0.6783628,0.68882287,True
1315,0.36548257,0.32945216,False
1316,0.5593049,0.54280895,True
1317,0.75859874,0.75525177,True
1318,0.574685,0.7266333,True
1319,0.8639281,0.70263326,True
1320,0.5314808,0.5346273,True
1321,0.5661629,0.6387286,True
1322,0.70153886,0.66113776,True
1323,0.7503432,0.88982713,True
1324,0.48140174,0.5033634,True
1325,0.6481898,0.57943356,True
1326,0.3128032,0.61918724,False
1327,0.65739465,0.30891111,False
1328,0.79152846,0.8727846,True
1329,0.33234674,0.36987716,False
1330,0.29311883,0.33908695,False
1331,0.7920778,0.43229175,False
1332,0.5624227,0.69602525,True
1333,0.4947372,0.76258665,True
1334,0.7928796,0.69716346,True
1335,0.82447654,0.60771126,True
1336,0.63823175,0.86482996,True
1337,0.59802735,0.5385562,True
1338,0.46137446,0.6336889,True
1339,0.62103283,0.657922,True
1340,0.40317205,0.51528835,True
1341,0.8495524,0.7792077,True
1342,0.76521903,0.4789014,True
1343,0.7396462,0.5448587,True
1344,0.59846663,0.5450964,True
1345,0.5307287,0.65153074,True
1346,0.61609334,0.47391972,True
1347,0.61198044,0.5956699,True
1348,0.53788286,0.585409,True
1349,0.6363766,0.5618728,True
1350,0.301017,0.5837034,False
1351,0.68427205,0.75281423,True
1352,0.59447485,0.64927685,True
1353,0.7061681,0.48735064,True
1354,0.7560928,0.7797091,True
1355,0.62125856,0.7057448,True
1356,0.6582949,0.5531002,True
1357,0.797738,0.7911019,True
1358,0.7660775,0.58606523,True
1359,0.5502157,0.69145656,True
1360,0.7535633,0.6868449,True
1361,0.4974592,0.5215599,True
1362,0.675246,0.8552796,True
1363,0.6099267,0.6979275,True
1364,0.53354585,0.50293785,True
1365,0.66052306,0.5760455,True
1366,0.74744934,0.77847695,True
1367,0.52853763,0.5244914,True
1368,0.74402016,0.7065238,True
1369,0.7442616,0.7160933,True
1370,0.90914345,0.61879283,True
1371,0.6541711,0.72655016,True
1372,0.94028217,0.63087475,True
1373,0.54053986,0.79545563,True
1374,0.8150519,0.78794515,False
1375,0.5807295,0.5195172,True
1376,0.76147175,0.8802893,True
1377,0.53639615,0.5206207,True
1378,0.45948094,0.50431246,False
1379,0.5997307,0.7564731,True
1380,0.7285196,0.5459193,True
1381,0.7308577,0.7298063,True
1382,0.7735646,0.6072726,True
1383,0.71473897,0.812898,True
1384,0.65001225,0.6973815,True
1385,0.809642,0.7230023,True
1386,0.7679715,0.7808052,True
1387,0.9043576,0.7923461,True
1388,0.5898917,0.6899182,True
1389,0.7348589,0.8404728,True
1390,0.7415248,0.8394023,True
1391,0.34820312,0.36421716,False
1392,0.4210349,0.49806365,True
1393,0.777058,0.80316204,True
1394,0.6502721,0.6064978,True
1395,0.47997442,0.3144967,False
1396,0.6650548,0.61987096,True
1397,0.7107409,0.56608415,True
1398,0.8513706,0.81761396,True
1399,0.81147045,0.60976994,True
1400,0.34422854,0.47726008,False
1401,0.70807076,0.38287717,False
1402,0.45002472,0.72388357,True
1403,0.68659794,0.7541833,True
1404,0.711127,0.70971835,True
1405,0.5633093,0.5093236,True
1406,0.5632214,0.253742,False
1407,0.5899271,0.65760404,True
1408,0.55298394,0.40609077,False
1409,0.71738386,0.69308484,True
1410,0.53038377,0.6542634,True
1411,0.6332936,0.6462407,True
1412,0.5891879,0.6696366,True
1413,0.8061023,0.90248066,True
1414,0.56904984,0.68897724,True
1415,0.7420138,0.42421916,False
1416,0.51332945,0.51923233,True
1417,0.6336238,0.7510693,True
1418,0.8680326,0.7334351,True
1419,0.57130706,0.8554969,True
1420,0.68538284,0.40427724,False
1421,0.501393,0.6723715,True
1422,0.70217514,0.78195655,True
1423,0.6332371,0.59387505,True
1424,0.5607721,0.77110946,True
1425,0.7880948,0.85793203,True
1426,0.2642612,0.49050725,False
1427,0.27504,0.43701738,False
1428,0.72262466,0.82354236,True
1429,0.74050856,0.6830882,True
1430,0.7100212,0.5047718,True
1431,0.73460484,0.67512727,False
1432,0.72471833,0.7556392,True
1433,0.77801037,0.7383448,True
1434,0.48094207,0.18791132,False
1435,0.7205313,0.7047802,True
1436,0.3977986,0.4766072,True
1437,0.7560136,0.6711024,True
1438,0.80036247,0.8296298,True
1439,0.8240992,0.6840813,True
1440,0.63829875,0.6777626,True
1441,0.40424514,0.37268072,False
1442,0.7002114,0.80840033,True
1443,0.6952163,0.59495693,True
1444,0.91344666,0.51204455,True
1445,0.80742836,0.7560423,True
1446,0.6775839,0.77598447,True
1447,0.58980304,0.6806679,True
1448,0.55971605,0.652732,True
1449,0.7816813,0.8059534,True
1450,0.24277015,0.23621827,False
1451,0.4287083,0.7459831,True
1452,0.5122725,0.43127626,False
1453,0.628528,0.48700833,True
1454,0.936224,0.44662815,False
1455,0.6480704,0.5817318,True
1456,0.6385375,0.3863986,False
1457,0.8110983,0.57211125,False
1458,0.44552934,0.43841118,False
1459,0.6721703,0.7454169,True
1460,0.5298989,0.67441046,True
1461,0.79714906,0.89802575,True
1462,0.47058737,0.5420675,True
1463,0.7854917,0.8827133,True
1464,0.5950019,0.7104738,True
1465,0.18448937,0.50108993,False
1466,0.8060891,0.6222877,True
1467,0.3183033,0.6728034,False
1468,0.7478719,0.6302029,True
1469,0.36593342,0.6815675,True
1470,0.8024301,0.8318167,True
1471,0.81832075,0.5786302,True
1472,0.40533066,0.43503177,False
1473,0.8249314,0.46005479,True
1474,0.7563678,0.7731761,True
1475,0.7058718,0.67967695,True
1476,0.4470756,0.5923625,True
1477,0.761207,0.7666285,True
1478,0.80260766,0.72199374,True
1479,0.36266673,0.31613392,False
1480,0.5479963,0.5292231,True
1481,0.7382208,0.6976702,True
1482,0.7223668,0.6527877,False
1483,0.3150674,0.34743991,False
1484,0.7084403,0.43105465,False
1485,0.74231756,0.727481,True
1486,0.6826854,0.12026686,False
1487,0.5481629,0.60130227,True
1488,0.5993879,0.68464124,True
1489,0.6798307,0.6814693,True
1490,0.7565572,0.68765736,True
1491,0.828575,0.84091276,True
1492,0.5479528,0.52662003,True
1493,0.7432925,0.69001573,True
1494,0.695252,0.6162362,True
1495,0.9487025,0.8138743,True
1496,0.68022263,0.6411847,True
1497,0.90048265,0.7849905,True
1498,0.42449555,0.63602585,True
1499,0.78913355,0.8313048,True
1500,0.39542723,0.48929638,True
1501,0.16566208,0.4856149,False
1502,0.29633507,0.5132014,False
1503,0.25456285,0.28102502,False
1504,0.7440252,0.6172371,True
1505,0.6383467,0.6236837,True
1506,0.6100613,0.57778645,True
1507,0.6520487,0.5725243,True
1508,0.56763715,0.6524878,True
1509,0.7523638,0.75182784,True
1510,0.6028334,0.72241867,True
1511,0.52531534,0.65164995,True
1512,0.7675481,0.77499294,True
1513,0.66935885,0.7480392,True
1514,0.44666892,0.57235307,True
1515,0.69171464,0.7767066,True
1516,0.15615171,0.045836322,False
1517,0.65484226,0.8945012,True
1518,0.7097504,0.7088693,True
1519,0.92289484,0.9171245,True
1520,0.6201576,0.77567106,True
1521,0.7478894,0.7267655,True
1522,0.3786094,0.33385664,False
1523,0.67587394,0.6865604,True
1524,0.6126466,0.6019993,True
1525,0.8566289,0.80692476,True
1526,0.8804394,0.9170614,True
1527,0.20761754,0.20871839,False
1528,0.82188785,0.82144886,True
1529,0.6864848,0.58652365,True
1530,0.5435064,0.58507967,True
1531,0.670058,0.68940383,True
1532,0.52230275,0.77848494,True
1533,0.80950385,0.7631624,True
1534,0.4138502,0.52328306,True
1535,0.40327585,0.4119045,False
1536,0.4302941,0.6086292,True
1537,0.83791035,0.8543353,True
1538,0.85896146,0.9134568,True
1539,0.7877271,0.8116368,True
1540,0.7913034,0.7426579,True
1541,0.15906021,0.46329242,False
1542,0.75168955,0.7643275,True
1543,0.58622086,0.52475476,True
1544,0.40883648,0.4623374,True
1545,0.82113075,0.6011007,True
1546,0.8812314,0.88729036,True
1547,0.7483171,0.611529,True
1548,0.82927203,0.60098267,True
1549,0.83209074,0.6353309,True
1550,0.75386584,0.69899166,True
1551,0.9074712,0.6921835,True
1552,0.5824692,0.6422357,True
1553,0.79811233,0.60377216,True
1554,0.7638972,0.62472296,True
1555,0.5751209,0.4630717,True
1556,0.16036384,0.500864,False
1557,0.53762114,0.7680455,True
1558,0.6422495,0.69047034,True
1559,0.73902744,0.7720161,True
1560,0.5702778,0.7585981,True
1561,0.79998815,0.52825296,True
1562,0.79179275,0.67991567,True
1563,0.81541646,0.5282692,True
1564,0.42257842,0.4271184,False
1565,0.52043915,0.49287093,True
1566,0.3818487,0.44224948,False
1567,0.77485365,0.57653916,True
1568,0.10795097,0.095284246,False
1569,0.67057705,0.6643549,True
1570,0.8067075,0.80603075,True
1571,0.39316258,0.5261513,True
1572,0.6133196,0.6971935,True
1573,0.7641058,0.67829037,True
1574,0.69708365,0.7664739,True
1575,0.7450681,0.72479105,True
1576,0.41214523,0.50929594,True
1577,0.8263409,0.7222687,True
1578,0.6398611,0.67902553,True
1579,0.8881375,0.90562105,True
1580,0.7103475,0.70680904,True
1581,0.8359251,0.7799275,True
1582,0.51665616,0.56099904,True
1583,0.59852695,0.3310795,False
1584,0.6185561,0.62927395,True
1585,0.3970459,0.62782955,True
1586,0.41403055,0.6284126,True
1587,0.36834985,0.5608483,True
1588,0.33877066,0.32598132,False
1589,0.73863125,0.7454824,True
1590,0.7639107,0.48798618,True
1591,0.8698408,0.28762197,False
1592,0.57282805,0.7317412,True
1593,0.8418412,0.74420714,True
1594,0.6885226,0.63994527,True
1595,0.88610405,0.8260868,True
1596,0.667976,0.572479,False
1597,0.8398772,0.81371474,True
1598,0.372539,0.5477894,True
1599,0.53049195,0.5340626,True
1600,0.19150686,0.35091543,False
1601,0.69790506,0.3886392,False
1602,0.77995574,0.40045547,False
1603,0.8360884,0.5837263,True
1604,0.7943009,0.5668989,True
1605,0.7112286,0.7048614,True
1606,0.43363696,0.7121327,True
1607,0.71032214,0.7324753,True
1608,0.83265376,0.6988349,True
1609,0.81030744,0.67065084,True
1610,0.7010265,0.7514572,True
1611,0.7942115,0.79811233,True
1612,0.6222915,0.56043327,True
1613,0.74082863,0.53452957,True
1614,0.61273384,0.61350775,True
1615,0.52851063,0.61676204,False
1616,0.6939843,0.7182427,True
1617,0.72504777,0.7311438,True
1618,0.5508718,0.7080067,True
1619,0.83422434,0.66055846,True
1620,0.42104048,0.57379574,True
1621,0.32490426,0.23468982,False
1622,0.65494543,0.5553886,True
1623,0.6060736,0.5381657,True
1624,0.5044966,0.5696596,True
1625,0.6862004,0.6690866,False
1626,0.38114798,0.743929,True
1627,0.61579865,0.69850385,False
1628,0.6768813,0.63136446,True
1629,0.32669413,0.70350087,False
1630,0.30316368,0.49867585,False
1631,0.61382926,0.5846324,True
1632,0.35839608,0.5232022,True
1633,0.59609956,0.8318398,False
1634,0.71890587,0.8952235,True
1635,0.8971725,0.582273,False
1636,0.55605453,0.73878694,True
1637,0.76068556,0.5249196,True
1638,0.5880885,0.6049948,True
1639,0.58665967,0.4967204,True
1640,0.3714363,0.2201802,False
1641,0.8079171,0.6214965,True
1642,0.6821244,0.62000936,True
1643,0.5380528,0.54151595,True
1644,0.35448134,0.34846193,False
1645,0.8813819,0.5195374,True
1646,0.6568762,0.6572243,True
1647,0.6277696,0.6890191,True
1648,0.6526902,0.8501489,True
1649,0.82326734,0.8422899,True
1650,0.6333059,0.54936075,True
1651,0.618326,0.58891654,True
1652,0.44472605,0.45613503,True
1653,0.7530629,0.7299265,True
1654,0.2864632,0.28090233,False
1655,0.6989037,0.58411264,True
1656,0.43518698,0.31604248,False
1657,0.5341381,0.6362041,True
1658,0.39273214,0.5215435,True
1659,0.62737674,0.66492534,True
1660,0.25007802,0.5148219,False
1661,0.68081135,0.54299426,True
1662,0.57284594,0.5743894,True
1663,0.65239114,0.75518286,True
1664,0.47099978,0.57088876,True
1665,0.67799735,0.69684875,True
1666,0.67912704,0.65293,True
1667,0.73426634,0.75658786,True
1668,0.72846127,0.781713,True
1669,0.86687875,0.7250147,True
1670,0.83236134,0.38151115,False
1671,0.75722003,0.35529274,False
1672,0.8166803,0.4539214,True
1673,0.8416406,0.8044283,True
1674,0.83464056,0.8405231,True
1675,0.73501384,0.7484511,True
1676,0.89181423,0.79984796,True
1677,0.9085039,0.70599717,True
1678,0.5884146,0.75185716,True
1679,0.8366184,0.73005486,True
1680,0.5265399,0.77883506,True
1681,0.72793627,0.7652574,True
1682,0.45944622,0.56881064,True
1683,0.56903523,0.6412729,True
1684,0.52200043,0.6056212,True
1685,0.84902465,0.92196584,True
1686,0.63317525,0.78970313,True
1687,0.89936477,0.8330964,True
1688,0.8921356,0.9154377,True
1689,0.6385931,0.6358731,True
1690,0.63738203,0.7017073,True
1691,0.620437,0.5919359,True
1692,0.84601414,0.87603223,True
1693,0.5237645,0.57404137,True
1694,0.57458186,0.63270247,True
1695,0.45314527,0.35092616,False
1696,0.3889181,0.41516092,False
1697,0.8263474,0.6381094,True
1698,0.5979129,0.69742435,True
1699,0.60640335,0.5199503,True
1700,0.5129258,0.4256493,False
1701,0.4449525,0.4843063,True
1702,0.25116032,0.50441456,False
1703,0.38195178,0.779751,True
1704,0.3874002,0.47057688,True
1705,0.68482727,0.6360731,True
1706,0.16188245,0.37044156,False
1707,0.814923,0.6428777,True
1708,0.36590376,0.3893832,False
1709,0.75914145,0.7963866,True
1710,0.72198826,0.69378936,True
1711,0.73355407,0.71949315,True
1712,0.71674514,0.7085037,True
1713,0.5994253,0.77333426,False
1714,0.47438377,0.7032282,True
1715,0.48143905,0.42091662,False
1716,0.6269356,0.6852921,True
1717,0.70294076,0.7779794,True
1718,0.75168854,0.75018644,True
1719,0.9018189,0.72955954,True
1720,0.7592422,0.63223684,True
1721,0.44952333,0.5971854,True
1722,0.36485893,0.46194035,True
1723,0.7679805,0.84882015,True
1724,0.8257696,0.6921944,True
1725,0.8666444,0.79195756,True
1726,0.62168455,0.74543905,True
1727,0.7674401,0.82269275,False
1728,0.7690226,0.8452694,True
1729,0.607836,0.5560092,True
1730,0.75461864,0.5268736,True
1731,0.42587927,0.49089167,True
1732,0.44792053,0.54913247,True
1733,0.4107682,0.4737609,True
1734,0.6340157,0.5851737,True
1735,0.2855691,0.27350983,False
1736,0.49230868,0.48276198,True
1737,0.6718714,0.69683313,True
1738,0.5134011,0.4712708,True
1739,0.74700683,0.65597165,True
1740,0.6021842,0.7305373,True
1741,0.47091746,0.4397109,False
1742,0.35186574,0.42596257,False
1743,0.8155675,0.80371153,True
1744,0.45135558,0.4533775,True
1745,0.5039419,0.3620233,False
1746,0.32654572,0.6081934,False
1747,0.55421835,0.6363963,True
1748,0.65430444,0.59427416,True
1749,0.6327982,0.5927562,True
1750,0.6784662,0.6830908,True
1751,0.5677488,0.5457339,True
1752,0.5485372,0.66030943,True
1753,0.5455036,0.7116163,True
1754,0.85409147,0.22307271,False
1755,0.49267355,0.5695115,True
1756,0.5325861,0.34221625,False
1757,0.6524347,0.5891575,True
1758,0.96305966,0.719265,True
1759,0.672554,0.4341342,False
1760,0.60920495,0.34347445,False
1761,0.6096241,0.6659031,True
1762,0.5321901,0.6296389,True
1763,0.41950783,0.44077182,False
1764,0.5401074,0.3616374,False
1765,0.5546707,0.6189517,True
1766,0.6486409,0.53665614,True
1767,0.6450192,0.5285082,True
1768,0.6110749,0.4543252,True
1769,0.65449226,0.7604,True
1770,0.64050674,0.8009708,True
1771,0.7506113,0.72468394,True
1772,0.5402555,0.6506927,True
1773,0.59826267,0.5784652,True
1774,0.51726544,0.49401754,True
1775,0.59213394,0.66768926,True
1776,0.5827379,0.64334345,True
1777,0.8665739,0.60067844,True
1778,0.50843793,0.52536494,True
1779,0.82245445,0.7726057,True
1780,0.8224927,0.80971205,True
1781,0.8069274,0.84352493,True
1782,0.7477571,0.84447443,True
1783,0.65703225,0.58119833,False
1784,0.28890857,0.50448644,False
1785,0.8428309,0.81164527,True
1786,0.59735966,0.7423881,True
1787,0.79414153,0.8317775,True
1788,0.9377075,0.7807229,True
1789,0.65452784,0.6376102,True
1790,0.5069338,0.50699764,True
1791,0.5796985,0.58255225,True
1792,0.2153117,0.27153477,False
1793,0.89052534,0.8474918,True
1794,0.7165905,0.7072536,True
1795,0.66392463,0.6188255,True
1796,0.4903922,0.5193356,True
1797,0.75735104,0.8183333,True
1798,0.6493806,0.7147512,True
1799,0.8312982,0.77946055,True
1800,0.6661619,0.7179797,True
1801,0.7473246,0.8051923,True
1802,0.5709288,0.7599511,True
1803,0.6976488,0.75305563,True
1804,0.75488156,0.5963664,True
1805,0.6286162,0.4713971,True
1806,0.7653226,0.6681205,True
1807,0.45272028,0.4750437,True
1808,0.9131993,0.81600827,True
1809,0.79025716,0.6159321,True
1810,0.65286684,0.73063344,True
1811,0.709216,0.6931368,True
1812,0.68109214,0.41985595,False
1813,0.76559144,0.6348703,True
1814,0.7702526,0.5862038,True
1815,0.5922524,0.5766977,True
1816,0.7329973,0.69745016,True
1817,0.7649834,0.7069454,True
1818,0.58571076,0.65270007,True
1819,0.6723604,0.80536544,True
1820,0.5689761,0.41394258,False
1821,0.54696035,0.63167596,True
1822,0.7905398,0.8871732,True
1823,0.715744,0.767821,True
1824,0.66139215,0.48856086,True
1825,0.70493877,0.7401668,True
1826,0.31085017,0.644017,False
1827,0.81171274,0.4719273,True
1828,0.53701305,0.62018675,True
1829,0.7239294,0.72062767,True
1830,0.7544164,0.58910894,True
1831,0.5143742,0.8311106,False
1832,0.6510922,0.68163204,True
1833,0.5968137,0.8348459,True
1834,0.82943314,0.6473507,True
1835,0.34627843,0.47972524,False
1836,0.5703321,0.73359144,True
1837,0.6602042,0.7026365,True
1838,0.66940826,0.6825452,True
1839,0.6796262,0.6475609,True
1840,0.48429072,0.47188565,True
1841,0.6177782,0.47627908,True
1842,0.3169979,0.31269544,False
1843,0.41629452,0.56221473,True
1844,0.26439935,0.5005262,False
1845,0.8249682,0.56416,True
1846,0.78396964,0.6415751,True
1847,0.5926361,0.6639638,True
1848,0.79741716,0.80652577,True
1849,0.71408516,0.6411839,True
1850,0.7377937,0.35380724,False
1851,0.84989214,0.7390996,True
1852,0.5987774,0.2574831,False
1853,0.382634,0.4744773,True
1854,0.39865524,0.44357437,False
1855,0.09957272,0.13775656,False
1856,0.15318799,0.1967272,False
1857,0.4781512,0.5092552,True
1858,0.58871937,0.38690436,False
1859,0.6063974,0.60833126,True
1860,0.3900817,0.47709793,True
1861,0.63277954,0.74679863,True
1862,0.87817264,0.86698073,True
1863,0.6598833,0.84825045,True
1864,0.85971105,0.70839083,True
1865,0.5968148,0.38282424,False
1866,0.9391938,0.7282145,True
1867,0.823015,0.6450275,True
1868,0.7378012,0.7374652,True
1869,0.73762405,0.8194885,True
1870,0.43936676,0.32914835,False
1871,0.60705096,0.6246922,True
1872,0.48344168,0.7536493,True
1873,0.743765,0.68098617,True
1874,0.9096141,0.72951347,True
1875,0.85127246,0.6635238,True
1876,0.41423783,0.4981884,True
1877,0.37077338,0.5842744,True
1878,0.4836587,0.38437504,False
1879,0.4737323,0.17896467,False
1880,0.4341957,0.5166899,True
1881,0.7189098,0.5877842,True
1882,0.29750207,0.71781176,False
1883,0.7051048,0.68964946,True
1884,0.5376887,0.7043394,False
1885,0.7637531,0.773589,True
1886,0.6129913,0.6792724,True
1887,0.8526032,0.8775533,True
1888,0.5645081,0.5549419,True
1889,0.649425,0.7054184,True
1890,0.16012135,0.33817977,False
1891,0.545143,0.682362,True
1892,0.2386077,0.5812192,False
1893,0.7271865,0.5730294,True
1894,0.6874869,0.64293337,True
1895,0.71786225,0.563702,True
1896,0.8749496,0.5176791,True
1897,0.5466373,0.62187684,True
1898,0.73701775,0.514644,True
1899,0.6120536,0.33801752,False
1900,0.69291776,0.66815925,True
1901,0.79981047,0.84232426,True
1902,0.72973335,0.75572276,True
1903,0.8129289,0.85405385,True
1904,0.52756757,0.5557186,True
1905,0.74137115,0.7459252,True
1906,0.41937357,0.50985485,True
1907,0.88816744,0.7341893,True
1908,0.5944093,0.6169643,True
1909,0.56921613,0.42409176,False
1910,0.6577121,0.69257754,True
1911,0.7547792,0.57582647,True
1912,0.5991899,0.2073313,False
1913,0.746133,0.47819757,True
1914,0.5112332,0.4653962,True
1915,0.83181906,0.3768483,False
1916,0.80355364,0.4496673,False
1917,0.7030525,0.83108866,True
1918,0.7079049,0.5474004,True
1919,0.78013015,0.7390665,True
1920,0.6370506,0.9017128,True
1921,0.739606,0.5918679,True
1922,0.5954952,0.705161,True
1923,0.6499772,0.4223594,False
1924,0.5020347,0.45615986,True
1925,0.63680816,0.59711146,True
1926,0.4770953,0.6163814,True
1927,0.3123453,0.29795697,False
1928,0.3423304,0.40573162,False
1929,0.74426603,0.6366471,True
1930,0.722574,0.7048893,True
1931,0.7064218,0.72829604,True
1932,0.41546845,0.54797304,True
1933,0.7142974,0.5093378,True
1934,0.6037483,0.5052992,True
1935,0.7333784,0.7606658,True
1936,0.47321862,0.39231688,False
1937,0.86597985,0.7134111,True
1938,0.6771629,0.4574247,True
1939,0.46570826,0.46723792,True
1940,0.6842557,0.6949513,True
1941,0.70023096,0.7133718,True
1942,0.7267362,0.7646011,True
1943,0.6951151,0.66985047,True
1944,0.588182,0.50471425,True
1945,0.62986463,0.539603,True
1946,0.76192546,0.681558,True
1947,0.7060563,0.3527841,False
1948,0.40138197,0.44505334,False
1949,0.8260205,0.4880429,True
1950,0.4272049,0.3952541,False
1951,0.63194776,0.7129045,True
1952,0.29180294,0.36617774,False
1953,0.6061692,0.6991903,True
1954,0.51391363,0.61357445,True
1955,0.49786967,0.57114214,True
1956,0.52511567,0.6494919,True
1957,0.70460224,0.73701847,True
1958,0.77348524,0.76826674,True
1959,0.884681,0.64363265,True
1960,0.789049,0.5601407,True
1961,0.77182555,0.706792,True
1962,0.6908419,0.6408875,True
1963,0.4135636,0.5648914,True
1964,0.7469975,0.80129254,True
1965,0.74984264,0.61072993,True
1966,0.636568,0.6493138,True
1967,0.34188938,0.19372669,False
1968,0.6785003,0.61500937,True
1969,0.8979281,0.7273515,True
1970,0.5938257,0.5841095,True
1971,0.87089306,0.6108136,True
1972,0.7815542,0.76391065,True
1973,0.06873136,0.021113425,False
1974,0.39490476,0.32702225,False
1975,0.46409097,0.23469439,False
1976,0.56774557,0.36034608,False
1977,0.72265553,0.77514946,True
1978,0.53741705,0.5347404,True
1979,0.54476064,0.5667635,True
1980,0.57252026,0.59597576,True
1981,0.7683881,0.7491744,True
1982,0.71001697,0.54809296,False
1983,0.66436625,0.7393484,True
1984,0.71228004,0.5329562,False
1985,0.7900185,0.8711772,True
1986,0.8473815,0.63137615,True
1987,0.7204255,0.6649337,True
1988,0.60805166,0.50810635,True
1989,0.88604206,0.8456168,True
1990,0.7786044,0.8221446,True
1991,0.6949333,0.4008516,False
1992,0.77426857,0.75034106,True
1993,0.62953806,0.72999835,True
1994,0.6848822,0.7062279,False
1995,0.6952989,0.81129014,True
1996,0.68212926,0.6667597,True
1997,0.7212517,0.8009005,True
1998,0.86611056,0.5912055,True
1999,0.6926336,0.72708285,True
2000,0.5543623,0.6046833,True
2001,0.76840496,0.74266595,True
2002,0.6417459,0.6664522,True
2003,0.8803495,0.85522306,True
2004,0.60485137,0.63954675,True
2005,0.59667623,0.67333937,True
2006,0.5441997,0.6385147,True
2007,0.59162486,0.4569037,True
2008,0.7423087,0.76056194,True
2009,0.7550012,0.7236769,True
2010,0.19426462,0.1515529,False
2011,0.77844536,0.8772845,True
2012,0.12734239,0.17533939,False
2013,0.7044194,0.5121925,True
2014,0.58740145,0.46217078,True
2015,0.7541654,0.69222975,True
2016,0.29850078,0.4770736,False
2017,0.56670326,0.6166601,True
2018,0.52178174,0.6088449,True
2019,0.38116378,0.3812389,False
2020,0.56593,0.5580909,True
2021,0.59697706,0.62126225,True
2022,0.43637604,0.63263285,True
2023,0.72736216,0.6904466,True
2024,0.3297949,0.35840082,False
2025,0.8493616,0.5044008,True
2026,0.8419317,0.559211,True
2027,0.7153309,0.32751462,False
2028,0.6906568,0.5387299,True
2029,0.70056766,0.70043623,True
2030,0.40583178,0.4743812,True
2031,0.84415424,0.79169446,True
2032,0.94133204,0.5109943,True
2033,0.5968035,0.5714332,True
2034,0.79536533,0.68676406,True
2035,0.8101263,0.5667,True
2036,0.6140536,0.5345417,True
2037,0.42062384,0.5466232,True
2038,0.6848266,0.71287084,True
2039,0.65308106,0.55784494,True
2040,0.570112,0.5075834,True
2041,0.6710018,0.64820206,True
2042,0.63438463,0.60850394,True
2043,0.77046466,0.67021346,True
2044,0.5009585,0.5607062,True
2045,0.6777806,0.69649374,True
2046,0.57990265,0.67456585,True
2047,0.39907122,0.4235745,False
2048,0.4965201,0.520368,True
2049,0.8848229,0.6175929,True
2050,0.6524725,0.63971984,True
2051,0.51112235,0.47567928,True
2052,0.6690842,0.7340066,True
2053,0.85747325,0.70432675,True
2054,0.63053983,0.48049664,True
2055,0.89821815,0.81605566,True
2056,0.6768309,0.72377354,True
2057,0.7664492,0.70353234,True
2058,0.64150214,0.66183746,True
2059,0.44856906,0.5957277,True
2060,0.64707565,0.3833899,False
2061,0.68109816,0.76769936,True
2062,0.68682516,0.78693426,True
2063,0.5808197,0.4751769,True
2064,0.46425027,0.5152705,True
2065,0.79268575,0.57812655,True
2066,0.6026055,0.52739054,True
2067,0.74962664,0.28085384,False
2068,0.65555704,0.44917405,False
2069,0.4783809,0.70931745,True
2070,0.48381314,0.5403994,True
2071,0.7087411,0.6863092,True
2072,0.6528703,0.7545526,True
